{"editorVersion":"1.13.1","schemeVersion":"1.13.0","base":{"style":"oslo","scheme":"normal.night"},"definitions":{"Street.Pedestrian.Color":["interpolate",["linear"],["zoom"],14,"#ff4b76",15,"#ff4b75",16,"#ff4d78"],"Street.Walkway.Color":["interpolate",["linear"],["zoom"],14,"#ff4a75",15,"#ff4771",16,"#ff4b75",17,"#ff4d78"],"Street.Walkway.Tunnel.Color":["interpolate",["linear"],["zoom"],14,"#ff4a75",15,"#ff4771",16,"#ff4b75",17,"#ff4d78"],"Street.Category4.Outline.Width":["interpolate",["linear"],["zoom"],15.5,0,15.5,0.30000000000000004,20,0.30000000000000004,24,0.6000000000000001],"Street.Category4.Color":["interpolate",["linear"],["zoom"],13,"#ff507b",14.5,"#ff5480",14.5,"#ff4a75",15.5,"#ff4670",17,"#ff4f7b"],"Street.Category3.Outline.Width":["interpolate",["linear"],["zoom"],14.5,0,14.5,0.30000000000000004,20,0.30000000000000004,24,0.8999999999999999],"Street.Category3.Color":["interpolate",["linear"],["zoom"],11,"#ff5684",11.9,"#ff5a87",12,"#ff5a87",13,"#ff5480",14,"#ff5480",17,"#ff4f7b"],"Street.Category2.Outline.Width":["interpolate",["linear"],["zoom"],0,0,12,0,13,0.44999999999999996,20,0.8999999999999999,24,1.7999999999999998],"Street.Category2.Color":["interpolate",["linear"],["zoom"],8,"#ff4872",10,"#ff4b75",12,"#ff5683",13,"#ff5480",16,"#ff5b89"],"Street.Category1.Width":["interpolate",["linear"],["zoom"],0,0.30000000000000004,5,0.30000000000000004,8,0.5,9,0.6200000000000001,10,0.9800000000000001,11,1.1199999999999999,12,1.1199999999999999,13,1.2400000000000002,14,1.6,15,2.1,16,3.1,17,4.08,18,7.920000000000001,19,8.92,20,14.240000000000002,24,96.02000000000001],"Street.Category1.Outline.Width":["interpolate",["linear"],["zoom"],0,0,9,0,10,0.8999999999999999,20,0.8999999999999999,24,2.7],"Street.Category1.Color":["interpolate",["linear"],["zoom"],5,"#ff517e",8,"#ff527e",10,"#ff5885",11,"#ff5c8b",13,"#ff6696",16,"#ff6c9d"],"Street.Category0.Width":["interpolate",["linear"],["zoom"],0,0.44000000000000006,5,0.44000000000000006,6,0.5599999999999999,7,0.6200000000000001,8,0.8,9,1.06,10,1.1800000000000002,11,1.36,12,1.74,13,1.4800000000000002,14,2.3600000000000003,15,3.4600000000000004,16,4.46,17,5.460000000000001,18,9.16,19,11.4,20,17.84,24,121.92000000000002],"Street.Category0.Outline.Width":["interpolate",["linear"],["zoom"],0,0,7,0,8,0.8999999999999999,14,1.35,16,2.25,18,2.7,20,2.7,24,5.550000000000001],"Street.Category0.Color":["interpolate",["linear"],["zoom"],5,"#ff5d8b",6,"#ff608f",7,"#ff6291",8,"#ff6291",10,"#ff6594",11,"#ff73a4",13,"#ff79a9",16,"#ff81af"],"CongestionZone.Color":["interpolate",["linear"],["zoom"],0,"#25365133",9,"#25365126",10,"#25365126",11,"#25365121",12,"#2536511a",13,"#2536510d",20,"#25365103"],"ExtrudedBuilding.Color":"#0a1425f2","Street.Walkway.Bridge.Color":"#0a1626a6","Street.Pedestrian.Bridge.Color":"#0a1626a6","Street.Category4.Bridge.Color":"#111e3159","Street.Category3.Ramp.Width":["interpolate",["linear"],["zoom"],0,1.11,14,1.11,15,1.47,16,1.8599999999999999,17,2.22,18,4.47,19,7.4399999999999995,20,11.88,24,52.05],"Street.Category3.Bridge.Color":"#111e3159","Street.Category2.Ramp.Width":["interpolate",["linear"],["zoom"],0,0.7400000000000001,14,0.7400000000000001,15,0.9800000000000001,16,1.2400000000000002,17,1.4800000000000002,18,2.9800000000000004,19,4.960000000000001,20,7.920000000000001,24,43.36000000000001],"Street.Category2.Bridge.Color":"#111e3159","Street.Category1.Ramp.Width":["interpolate",["linear"],["zoom"],0,0.7400000000000001,13,0.7400000000000001,14,0.9800000000000001,15,1.2400000000000002,16,1.4800000000000002,17,1.9800000000000002,18,4.46,19,5.7,20,8.68,24,49.56],"Street.Category1.Bridge.Color":"#111e3159","UniversityCampus.Label.Outline.Color":"#0f1c2d","UniversityCampus.Label.Color":"#374c6f","HospitalCampus.Label.Outline.Color":"#0d1a2b","HospitalCampus.Label.Color":"#364b6d","Cemetery.Label.Outline.Color":"#0e1b2d","GolfCourse.Label.Outline.Color":"#0e1b2d","AnimalPark.Label.Outline.Color":"#0e1b2d","AmusementPark.Label.Outline.Color":"#0e1b2d","SportsComplex.Label.Outline.Color":"#0e1b2d","Allotment.Label.Outline.Color":"#0e1b2d","Cemetery.Label.Color":"#34496b","GolfCourse.Label.Color":"#34496b","AnimalPark.Label.Color":"#34496b","AmusementPark.Label.Color":"#34496b","SportsComplex.Label.Color":"#34496b","Allotment.Label.Color":"#34496b","Airport.Label.Outline.Color":"#0c1929","Airport.Label.Color":"#384d71","Woodland.Color":"#142236","Land.Color":"#101d2f","Woodland.Label.Outline.Color":"#0e1b2d","Woodland.Label.Color":"#324768","Water.0m.Color":"#081527","IntermittentRiver.Color":"#081527","CanalWaterChannel.Color":"#081527","River.Color":"#081527","Ferry.Label.Outline.Color":"#121f32","EnvironmentalZone.Label.Outline.Color":"#122033","EnvironmentalZone.Label.Color":"#4f6890","CongestionZone.Label.Outline.Color":"#0a1626","CongestionZone.Label.Color":"#415981","EnvironmentalZone.Color":["interpolate",["linear"],["zoom"],0,"#47608833",9,"#47608826",10,"#47608826",11,"#47608821",12,"#4760881a",13,"#4760880d",20,"#47608803"],"Street.Walkway.Outline.Color":"#f90d5222","Street.Pedestrian.Outline.Color":"#f90d5222","Street.Category4.Outline.Color":"#f90d5222","Street.Category3.Outline.Color":"#f90d5222","Street.Category2.Outline.Color":"#f90d5222","Street.Category1.Outline.Color":"#f90d5222","Street.Category0.Centerline.Color":["interpolate",["linear"],["zoom"],6,"#ff4f7b",8,"#ff4f7b",11,"#ff5b89",13,"#ff6393",16,"#ff6190"],"Street.Category0.Outline.Color":"#f90d5222","Street.Category3.Width":["interpolate",["linear"],["zoom"],0,0.36,10,0.44999999999999996,13,0.6,14,1.2,15,1.8599999999999999,16,3.24,17,4.6499999999999995,18,9.66,19,10.77,20,17.849999999999998,24,118.19999999999999],"Street.Category2.Width":["interpolate",["linear"],["zoom"],0,0.24,8,0.30000000000000004,10,0.36000000000000004,11,0.5,12,0.6200000000000001,13,1.1199999999999999,14,1.2400000000000002,15,1.8600000000000003,16,2.6,17,3.7200000000000006,18,7.300000000000001,19,8.18,20,13.14,24,87.48],"Street.Walkway.Label.Outline.Color":"#0d192acc","Street.Walkway.Label.Color":"#374c70","Street.Pedestrian.Label.Outline.Color":["interpolate",["linear"],["zoom"],12,"#0c1829f2",14,"#0c1829d9",17,"#0c1829cc"],"Street.Pedestrian.Label.Color":"#425981","Street.Category4.Label.Outline.Color":["interpolate",["linear"],["zoom"],12,"#0d1a2bf2",14,"#0d1a2bd9",17,"#0d1a2bcc"],"Street.Category4.Label.Color":"#546d95","Street.Category3.Label.Color":"#6680a5","Street.Category2.Label.Outline.Color":["interpolate",["linear"],["zoom"],12,"#111e31f2",14,"#111e31d9",17,"#111e31cc"],"Street.Category3.Label.Outline.Color":["interpolate",["linear"],["zoom"],12,"#111e31f2",14,"#111e31d9",17,"#111e31cc"],"Street.Category2.Label.Color":"#6984a9","Street.Category1.Label.Color":"#6c88ac","Street.Category0.Label.Outline.Color":["interpolate",["linear"],["zoom"],12,"#0e1b2df2",14,"#0e1b2dd9",17,"#0e1b2dcc"],"Street.Category1.Label.Outline.Color":["interpolate",["linear"],["zoom"],12,"#0e1b2df2",14,"#0e1b2dd9",17,"#0e1b2dcc"],"Street.Category0.Label.Color":"#84a1c3","Street.Category0.Bridge.Color":"#111e3159","Street.Category0.Ramp.Width":["interpolate",["linear"],["zoom"],0,0.7400000000000001,13,0.7400000000000001,14,0.9800000000000001,15,1.2400000000000002,16,1.4800000000000002,17,1.9800000000000002,18,4.46,19,5.7,20,8.68,24,61.96000000000001],"Lake.Label.Outline.Color":["interpolate",["linear"],["zoom"],0,"#111e31",10,"#0e1b2d"],"IntermittentRiver.Label.Outline.Color":["interpolate",["linear"],["zoom"],0,"#111e31",10,"#0e1b2d"],"CanalWaterChannel.Label.Outline.Color":["interpolate",["linear"],["zoom"],0,"#111e31",10,"#0e1b2d"],"River.Label.Outline.Color":["interpolate",["linear"],["zoom"],0,"#111e31",10,"#0e1b2d"],"BayHarbor.Label.Outline.Color":["interpolate",["linear"],["zoom"],0,"#111e31",10,"#0e1b2d"],"Strait.Label.Outline.Color":["interpolate",["linear"],["zoom"],0,"#111e31",10,"#0e1b2d"],"Fjord.Label.Outline.Color":["interpolate",["linear"],["zoom"],0,"#111e31",10,"#0e1b2d"],"Sea.Label.Outline.Color":["interpolate",["linear"],["zoom"],0,"#111e31",10,"#0e1b2d"],"Ocean.Label.Outline.Color":["interpolate",["linear"],["zoom"],0,"#111e31",10,"#0e1b2d"],"Lake.Label.Color":["interpolate",["linear"],["zoom"],0,"#394e72",10,"#354a6d"],"CanalWaterChannel.Label.Color":["interpolate",["linear"],["zoom"],0,"#394e72",10,"#354a6d"],"River.Label.Color":["interpolate",["linear"],["zoom"],0,"#394e72",10,"#354a6d"],"IntermittentRiver.Label.Color":["interpolate",["linear"],["zoom"],0,"#394e72",10,"#354a6d"],"BayHarbor.Label.Color":["interpolate",["linear"],["zoom"],0,"#394e72",10,"#354a6d"],"Ocean.Label.Color":["interpolate",["linear"],["zoom"],0,"#394e72",10,"#354a6d"],"Sea.Label.Color":["interpolate",["linear"],["zoom"],0,"#394e72",10,"#354a6d"],"Strait.Label.Color":["interpolate",["linear"],["zoom"],0,"#394e72",10,"#354a6d"],"Fjord.Label.Color":["interpolate",["linear"],["zoom"],0,"#394e72",10,"#354a6d"],"Runway.Color":"#1a2940","Rail.Line.Color":"#253752","Rail.Outline.Color":"#253752","NativeReservation.Label.Outline.Color":"#0d1a2b","NativeReservation.Label.Color":"#334869","NativeReservation.Outline.Color":["interpolate",["linear"],["zoom"],7,"#21324c4d",15,"#1421354d"],"NativeReservation.Color":["interpolate",["linear"],["zoom"],7,"#15233880",13,"#15233866"],"NationalPark.Label.Outline.Color":"#0d1a2b","NationalPark.Label.Color":"#314565","NationalPark.Outline.Color":["interpolate",["linear"],["zoom"],7,"#0f1c2d4d",15,"#111f314d"],"NationalPark.Color":"#1b2a4133","MilitaryBase.Label.Outline.Color":"#0e1b2d","MilitaryBase.Label.Color":"#34486a","MilitaryBase.Outline.Color":["interpolate",["linear"],["zoom"],7,"#1c2c444d",15,"#1e2e474d"],"MilitaryBase.Color":["interpolate",["linear"],["zoom"],7,"#1a29404b",13,"#1a294041",16,"#1a294028"],"POI.MountainPeak.Label.Outline.Color":"#121f32","POI.MountainPeak.Label.Color":"#394f73","Island.Label.Outline.Color":"#0f1c2e","Island.Label.Color":"#364b6e","Park.Label.Outline.Color":"#0e1a2c","Park.Label.Color":"#34486a","Park.Color":"#162439","UniversityCampus.Color":"#1a2940","HospitalCampus.Color":"#162439","Cemetery.Color":"#142236","GolfCourse.Color":"#142236","AnimalPark.Color":"#142236","AmusementPark.Color":"#142236","SportsComplex.Color":"#142236","Allotment.Color":"#142236","Airport.Color":"#152338","IndustrialComplex.Label.Outline.Color":"#0e1b2d","ShoppingComplex.Label.Outline.Color":"#0e1b2d","Railyard.Label.Outline.Color":"#0e1b2d","PedestrianArea.Label.Outline.Color":"#0e1b2d","HarborArea.Label.Outline.Color":"#0e1b2d","IndustrialComplex.Label.Color":"#384d71","ShoppingComplex.Label.Color":"#384d71","Railyard.Label.Color":"#384d71","PedestrianArea.Label.Color":"#384d71","HarborArea.Label.Color":"#384d71","IndustrialComplex.Color":"#162439","ShoppingComplex.Color":"#162439","Railyard.Color":"#162439","PedestrianArea.Color":"#162439","ParkingArea.Color":"#162439","HarborArea.Color":"#162439","Glacier.Label.Outline.Color":"#0c1929","Glacier.Label.Color":"#374c6e","Glacier.Color":"#142236","Desert.Label.Outline.Color":"#0d192a","Desert.Label.Color":"#324667","Desert.Color":["interpolate",["linear"],["zoom"],10,"#132135e6",16,"#142236e6"],"Ferry.Label.Color":"#324768","Ferry.Line.Color":"#243550","State.Label.Outline.Color":"#0d1a2bbf","State.Label.Color":"#2d405f","Country.Label.Outline.Color":["interpolate",["linear"],["zoom"],5,"#111f3166",6,"#111f31bf"],"Country.Label.Color":"#40587fcc","StateBoundary.Outline.Color":"#19293f1a","StateBoundary.Disputed.Outline.Color":"#19293f1a","StateBoundary.Color":["interpolate",["linear"],["zoom"],6,"#19293f",11,"#1d2d45",13,"#1c2c44"],"StateBoundary.Disputed.Color":["interpolate",["linear"],["zoom"],6,"#19293f",11,"#1d2d45",13,"#1c2c44"],"CountryBoundary.Outline.Color":["interpolate",["linear"],["zoom"],0,"#24355100",4,"#2435511a",6,"#24355126"],"CountryBoundary.Disputed.Outline.Color":["interpolate",["linear"],["zoom"],0,"#24355100",4,"#2435511a",6,"#24355126"],"CountryBoundary.Color":["interpolate",["linear"],["zoom"],0,"#1c2c44",4,"#1f2f48",6,"#253651",11,"#273955",13,"#253752"],"CountryBoundary.Disputed.Color":["interpolate",["linear"],["zoom"],0,"#1c2c44",4,"#1f2f48",6,"#253651",11,"#273955",13,"#253752"],"Continent.Label.Outline.Color":"#18273d99","Continent.Label.Color":"#4d668ecc","CityCenter.Hamlet.Label.Outline.Color":"#0b1727","CityCenter.Hamlet.Label.Color":"#6984a9","CityCenter.Class5.Label.Color":"#636f8b","CityCenter.Class4.Label.Color":"#636f8b","CityCenter.Class3.Label.Color":"#636f8b","CityCenter.Class2.Label.Color":"#ffffff","CityCenter.Class1.Label.Outline.Color":"#0b1727","CityCenter.Class5.Label.Outline.Color":"#0b1727","CityCenter.Class4.Label.Outline.Color":"#0b1727","CityCenter.Class3.Label.Outline.Color":"#0b1727","CityCenter.Class2.Label.Outline.Color":"#0b1727","CityCenter.Class7.Label.Outline.Color":"#0b1727","CityCenter.Class6.Label.Outline.Color":"#0b1727","CityCenter.Class1.Label.Color":"#ffffff","Neighborhood.Label.Outline.Color":"#091525b5","Neighborhood.Label.Color":"#587298","BuiltupArea.Color":["interpolate",["linear"],["zoom"],5,"#17263b",13,"#132034"],"BuildingAddress.Label.Outline.Color":"#152337","BuildingAddress.Label.Color":"#151d2d","Building.Label.Outline.Color":"#101d2f","Building.Label.Color":"#374c70","Building.Outline.Color":["interpolate",["linear"],["zoom"],16,"#06111f26",20,"#06111f4d"],"Building.Color":"#0a1425f2","Beach.Label.Outline.Color":"#0d192a","Beach.Label.Color":"#324667","Beach.Color":["interpolate",["linear"],["zoom"],10,"#132135e6",16,"#142236e6"],"Water.SecondOutline.Width":0,"Water.Outline.Width":0,"Rail.SecondLine.Color":"#1c2b43","Street.Walkway.Bridge.Baseline.Color":"#152337","Street.Pedestrian.Bridge.Baseline.Color":"#152337","Street.Category4.Tunnel.Outline.Color":"#f90d5222","Street.Category3.Tunnel.Outline.Color":"#f90d5222","Street.Category2.Tunnel.Outline.Color":"#f90d5222","Street.Category1.Tunnel.Outline.Color":"#f90d5222","Street.Category0.Tunnel.Outline.Color":"#f90d5222","Street.Category4.Tunnel.Color":["interpolate",["linear"],["zoom"],13,"#ff507b",14.5,"#ff5480",14.5,"#ff4a75",15.5,"#ff4670",17,"#ff4f7b"],"Street.Category3.Tunnel.Color":["interpolate",["linear"],["zoom"],11,"#ff5684",11.9,"#ff5a87",12,"#ff5a87",13,"#ff5480",14,"#ff5480",17,"#ff4f7b"],"Street.Category2.Tunnel.Color":["interpolate",["linear"],["zoom"],8,"#ff4872",10,"#ff4b75",12,"#ff5683",13,"#ff5480",16,"#ff5b89"],"Street.Category1.Tunnel.Color":["interpolate",["linear"],["zoom"],5,"#ff517e",8,"#ff527e",10,"#ff5885",11,"#ff5c8b",13,"#ff6696",16,"#ff6c9d"],"Street.Category0.Tunnel.Color":["interpolate",["linear"],["zoom"],5,"#ff5d8b",6,"#ff608f",7,"#ff6291",8,"#ff6291",10,"#ff6594",11,"#ff73a4",13,"#ff79a9",16,"#ff81af"],"POI.TransitStop.Label.Outline.Color":"#132135","POI.TransitStop.Label.Color":["interpolate",["linear"],["zoom"],10,"#4f6890",13,"#425a82"],"CityCenter.Class7.Label.Color":"#6782a7","CityCenter.Class6.Label.Color":"#636f8b","MilitaryBase.SecondOutline.Color":["interpolate",["linear"],["zoom"],10,"#21314b24",15,"#1d2d4524"],"NativeReservation.SecondOutline.Color":["interpolate",["linear"],["zoom"],10,"#1a294024",15,"#1a294024"],"WaterPark.SecondOutline.Color":["interpolate",["linear"],["zoom"],10,"#13203424",15,"#16243924"],"WaterPark.Outline.Color":["interpolate",["linear"],["zoom"],7,"#111e314d",15,"#1422364d"],"NationalPark.SecondOutline.Color":["interpolate",["linear"],["zoom"],10,"#17263b24",15,"#19293f24"],"WaterPark.Label.Outline.Color":"#101d2f","WaterPark.Label.Color":"#314565","WaterPark.Color":["interpolate",["linear"],["zoom"],0,"#16243980",9,"#16243966"]}}